1,https://www.drjart.com/ko/prd/view/707?activeTopGnb=all
2,https://www.drjart.com/ko/prd/view/798?activeTopGnb=all
3,https://www.drjart.com/ko/prd/view/889?activeTopGnb=all
4,https://www.drjart.com/ko/prd/view/1004?activeTopGnb=all
5,https://www.drjart.com/ko/prd/view/948?activeTopGnb=all
6,https://www.drjart.com/ko/prd/view/926?activeTopGnb=all
7,https://www.drjart.com/ko/prd/view/1085?activeTopGnb=all
8,https://www.drjart.com/ko/prd/view/1065?activeTopGnb=all
9,https://www.drjart.com/ko/prd/view/708?activeTopGnb=all
10,https://www.drjart.com/ko/prd/view/1029?activeTopGnb=all
11,https://www.drjart.com/ko/prd/view/1007?activeTopGnb=all
12,https://www.drjart.com/ko/prd/view/1108?activeTopGnb=all
13,https://www.drjart.com/ko/prd/view/1079?activeTopGnb=all
14,https://www.drjart.com/ko/prd/view/21203?activeTopGnb=all
15,https://www.drjart.com/ko/prd/view/21235?activeTopGnb=all
16,https://www.drjart.com/ko/prd/view/21145?activeTopGnb=all
17,https://www.drjart.com/ko/prd/view/607?activeTopGnb=all
18,https://www.drjart.com/ko/prd/view/1015?activeTopGnb=all
19,https://www.drjart.com/ko/prd/view/1016?activeTopGnb=all
20,https://www.drjart.com/ko/prd/view/989?activeTopGnb=all
21,https://www.drjart.com/ko/prd/view/608?activeTopGnb=all
22,https://www.drjart.com/ko/prd/view/1005?activeTopGnb=all
23,https://www.drjart.com/ko/prd/view/1006?activeTopGnb=all
24,https://www.drjart.com/ko/prd/view/882?activeTopGnb=all
25,https://www.drjart.com/ko/prd/view/1012?activeTopGnb=all
26,https://www.drjart.com/ko/prd/view/867?activeTopGnb=all
27,https://www.drjart.com/ko/prd/view/1014?activeTopGnb=all
28,https://www.drjart.com/ko/prd/view/1018?activeTopGnb=all
29,https://www.drjart.com/ko/prd/view/923?activeTopGnb=all
30,https://www.drjart.com/ko/prd/view/817?activeTopGnb=all
31,https://www.drjart.com/ko/prd/view/866?activeTopGnb=all
32,https://www.drjart.com/ko/prd/view/820?activeTopGnb=all
33,https://www.drjart.com/ko/prd/view/819?activeTopGnb=all
34,https://www.drjart.com/ko/prd/view/1013?activeTopGnb=all
35,https://www.drjart.com/ko/prd/view/21300?activeTopGnb=all
36,https://www.drjart.com/ko/prd/view/816?activeTopGnb=all
37,https://www.drjart.com/ko/prd/view/21282?activeTopGnb=all
38,https://www.drjart.com/ko/prd/view/1082?activeTopGnb=all
39,https://www.drjart.com/ko/prd/view/1099?activeTopGnb=all
40,https://www.drjart.com/ko/prd/view/1098?activeTopGnb=all
41,https://www.drjart.com/ko/prd/view/1096?activeTopGnb=all
42,https://www.drjart.com/ko/prd/view/1084?activeTopGnb=all
43,https://www.drjart.com/ko/prd/view/21303?activeTopGnb=all
44,https://www.drjart.com/ko/prd/view/1095?activeTopGnb=all
45,https://www.drjart.com/ko/prd/view/1031?activeTopGnb=all
46,https://www.drjart.com/ko/prd/view/1033?activeTopGnb=all
47,https://www.drjart.com/ko/prd/view/21301?activeTopGnb=all
48,https://www.drjart.com/ko/prd/view/1097?activeTopGnb=all
49,https://www.drjart.com/ko/prd/view/21131?activeTopGnb=all
50,https://www.drjart.com/ko/prd/view/1030?activeTopGnb=all
51,https://www.drjart.com/ko/prd/view/21302?activeTopGnb=all
52,https://www.drjart.com/ko/prd/view/1093?activeTopGnb=all
53,https://www.drjart.com/ko/prd/view/21140?activeTopGnb=all
54,https://www.drjart.com/ko/prd/view/21281?activeTopGnb=all
55,https://www.drjart.com/ko/prd/view/1032?activeTopGnb=all
56,https://www.drjart.com/ko/prd/view/21208?activeTopGnb=all
57,https://www.drjart.com/ko/prd/view/21325?activeTopGnb=all
58,https://www.drjart.com/ko/prd/view/924?activeTopGnb=all
59,https://www.drjart.com/ko/prd/view/1025?activeTopGnb=all
60,https://www.drjart.com/ko/prd/view/878?activeTopGnb=all
61,https://www.drjart.com/ko/prd/view/1024?activeTopGnb=all
62,https://www.drjart.com/ko/prd/view/1023?activeTopGnb=all
63,https://www.drjart.com/ko/prd/view/1035?activeTopGnb=all
64,https://www.drjart.com/ko/prd/view/925?activeTopGnb=all
65,https://www.drjart.com/ko/prd/view/1066?activeTopGnb=all
66,https://www.drjart.com/ko/prd/view/902?activeTopGnb=all
67,https://www.drjart.com/ko/prd/view/1067?activeTopGnb=all
68,https://www.drjart.com/ko/prd/view/1034?activeTopGnb=all
69,https://www.drjart.com/ko/prd/view/273?activeTopGnb=all
70,https://www.drjart.com/ko/prd/view/900?activeTopGnb=all
71,https://www.drjart.com/ko/prd/view/901?activeTopGnb=all
72,https://www.drjart.com/ko/prd/view/1026?activeTopGnb=all
73,https://www.drjart.com/ko/prd/view/1027?activeTopGnb=all
74,https://www.drjart.com/ko/prd/view/1028?activeTopGnb=all
75,https://www.drjart.com/ko/prd/view/899?activeTopGnb=all
76,https://www.drjart.com/ko/prd/view/1069?activeTopGnb=all
77,https://www.drjart.com/ko/prd/view/21151?activeTopGnb=all
78,https://www.drjart.com/ko/prd/view/1068?activeTopGnb=all
79,https://www.drjart.com/ko/prd/view/929?activeTopGnb=all
80,https://www.drjart.com/ko/prd/view/21233?activeTopGnb=all
81,https://www.drjart.com/ko/prd/view/880?activeTopGnb=all
82,https://www.drjart.com/ko/prd/view/881?activeTopGnb=all
83,https://www.drjart.com/ko/prd/view/21219?activeTopGnb=all
84,https://www.drjart.com/ko/prd/view/21228?activeTopGnb=all
85,https://www.drjart.com/ko/prd/view/21229?activeTopGnb=all
86,https://www.drjart.com/ko/prd/view/21220?activeTopGnb=all
87,https://www.drjart.com/ko/prd/view/21230?activeTopGnb=all
88,https://www.drjart.com/ko/prd/view/21227?activeTopGnb=all
89,https://www.drjart.com/ko/prd/view/21224?activeTopGnb=all
90,https://www.drjart.com/ko/prd/view/21232?activeTopGnb=all
91,https://www.drjart.com/ko/prd/view/869?activeTopGnb=all
92,https://www.drjart.com/ko/prd/view/831?activeTopGnb=all
93,https://www.drjart.com/ko/prd/view/832?activeTopGnb=all
94,https://www.drjart.com/ko/prd/view/870?activeTopGnb=all
95,https://www.drjart.com/ko/prd/view/871?activeTopGnb=all
96,https://www.drjart.com/ko/prd/view/663?activeTopGnb=all
97,https://www.drjart.com/ko/prd/view/833?activeTopGnb=all
98,https://www.drjart.com/ko/prd/view/968?activeTopGnb=all
99,https://www.drjart.com/ko/prd/view/834?activeTopGnb=all
100,https://www.drjart.com/ko/prd/view/771?activeTopGnb=all
101,https://www.drjart.com/ko/prd/view/665?activeTopGnb=all
102,https://www.drjart.com/ko/prd/view/546?activeTopGnb=all
103,https://www.drjart.com/ko/prd/view/969?activeTopGnb=all
104,https://www.drjart.com/ko/prd/view/856?activeTopGnb=all
105,https://www.drjart.com/ko/prd/view/855?activeTopGnb=all
106,https://www.drjart.com/ko/prd/view/970?activeTopGnb=all
107,https://www.drjart.com/ko/prd/view/21152?activeTopGnb=all
108,https://www.drjart.com/ko/prd/view/21323?activeTopGnb=all
109,https://www.drjart.com/ko/prd/view/21199?activeTopGnb=all
110,https://www.drjart.com/ko/prd/view/983?activeTopGnb=all
111,https://www.drjart.com/ko/prd/view/687?activeTopGnb=all
112,https://www.drjart.com/ko/prd/view/922?activeTopGnb=all
113,https://www.drjart.com/ko/prd/view/296?activeTopGnb=all
114,https://www.drjart.com/ko/prd/view/21127?activeTopGnb=all
115,https://www.drjart.com/ko/prd/view/686?activeTopGnb=all
116,https://www.drjart.com/ko/prd/view/471?activeTopGnb=all
117,https://www.drjart.com/ko/prd/view/964?activeTopGnb=all
118,https://www.drjart.com/ko/prd/view/974?activeTopGnb=all
119,https://www.drjart.com/ko/prd/view/965?activeTopGnb=all
120,https://www.drjart.com/ko/prd/view/962?activeTopGnb=all
121,https://www.drjart.com/ko/prd/view/963?activeTopGnb=all
122,https://www.drjart.com/ko/prd/view/967?activeTopGnb=all
123,https://www.drjart.com/ko/prd/view/966?activeTopGnb=all
124,https://www.drjart.com/ko/prd/view/821?activeTopGnb=all
125,https://www.drjart.com/ko/prd/view/21116?activeTopGnb=all
126,https://www.drjart.com/ko/prd/view/512?activeTopGnb=all
127,https://www.drjart.com/ko/prd/view/685?activeTopGnb=all
128,https://www.drjart.com/ko/prd/view/961?activeTopGnb=all
129,https://www.drjart.com/ko/prd/view/877?activeTopGnb=all
130,https://www.drjart.com/ko/prd/view/864?activeTopGnb=all
131,https://www.drjart.com/ko/prd/view/818?activeTopGnb=all
132,https://www.drjart.com/ko/prd/view/886?activeTopGnb=all
133,https://www.drjart.com/ko/prd/view/11116?activeTopGnb=all
134,https://www.drjart.com/ko/prd/view/1116?activeTopGnb=all
135,https://www.drjart.com/ko/prd/view/885?activeTopGnb=all
136,https://www.drjart.com/ko/prd/view/805?activeTopGnb=all
137,https://www.drjart.com/ko/prd/view/887?activeTopGnb=all
138,https://www.drjart.com/ko/prd/view/293?activeTopGnb=all
139,https://www.drjart.com/ko/prd/view/773?activeTopGnb=all
140,https://www.drjart.com/ko/prd/view/21234?activeTopGnb=all
141,https://www.drjart.com/ko/prd/view/21210?activeTopGnb=all
